group,station,dwell_time_seconds,dwell_time_minutes
W3 G2,1,1092.997347,18.21662245
W3 G2,2,816.0047959999999,13.600079933333332
W3 G2,3,1244.493385,20.741556416666665
W3 G2,4,2202.504266,36.708404433333335
