group,station,dwell_time_seconds,dwell_time_minutes
W3 G1,1,575.9499830000001,9.599166383333335
W3 G1,2,3870.3091970000005,64.50515328333334
W3 G1,3,1014.00347,16.90005783333333
W3 G1,4,1208.983561,20.149726016666666
