group,station,dwell_time_seconds,dwell_time_minutes
W3 G4,1,403.0001390000001,6.716668983333335
W3 G4,2,1433.5986229999999,23.893310383333333
W3 G4,3,1013.0002450000001,16.883337416666667
W3 G4,4,2612.277005,43.537950083333335
