group,station,dwell_time_seconds,dwell_time_minutes
W3 G3,1,110.000597,1.8333432833333334
W3 G3,2,1038.8769340000001,17.314615566666667
W3 G3,3,1267.99794,21.133299
W3 G3,4,2313.218645,38.55364408333333
