group,station,dwell_time_seconds,dwell_time_minutes
W3 G5,1,1429.998811,23.833313516666667
W3 G5,2,1160.044966,19.334082766666665
W3 G5,3,1195.026128,19.917102133333334
W3 G5,4,1763.0237060000004,29.38372843333334
