group,station,dwell_time_seconds,dwell_time_minutes
W3 G6,1,0.0,0.0
W3 G6,2,1957.254817,32.62091361666667
W3 G6,3,782.0276940000001,13.033794900000002
W3 G6,4,1310.0931190000001,21.834885316666668
